isl_sidewalk,ConcreteRoughMaterial
isl_ramp,ConcreteRoughMaterial
isl_grass,VegetationGrassMaterial
isl_dirt,SoilClayMaterial
isl_concrete,ConcreteRoughMaterial
isl_curb,ConcreteRoughMaterial
isl_brick,SoilClayMaterial
isl_asphalt,AsphaltWeatheredMaterial
isl_field,VegetationGrassMaterial
cutout_light_pavement,ConcreteSmoothMaterial
cutout_dark_asphalt,AsphaltWeatheredMaterial
cutout_brick,ConcreteRoughMaterial
opaque__asphalt,AsphaltWeatheredMaterial
opaque__fabric,FabricStandardMaterial
opaque__cloth,FabricStandardMaterial
opaque__leather,FabricStandardMaterial
opaque__plastic,PlasticStandardMaterial
opaque__concrete,ConcreteRoughMaterial
opaque__cement,ConcreteSmoothMaterial
opaque__retropaint,RetroMarkingsMaterial
opaque__roadmarkings,RetroMarkingsMaterial
opaque__bark,OakTreeBarkStandard
opaque__metal,MetalAlloyMaterial
opaque__glass,GlassStandardMaterial
opaque__rubber,RubberStandardMaterial
opaque__ceramic,FiberGlassMaterial
opaque__vegetation,VegetationGrassMaterial
opaque__stucco,ConcreteRoughMaterial
opaque__wood,OakTreeBarkStandard
opaque__brick,SoilClayMaterial
opaque__bitumen,PlasticStandardMaterial
opaque__stone,ConcreteRoughMaterial
opaque__poplar,OakTreeBarkStandard
opaque__emissive,GlassStandardMaterial
opaque__organic,FiberGlassMaterial
opaque_plastic,PlasticStandardMaterial
opaque_fabric,FabricStandardMaterial
opaque_metal,MetalAlloyMaterial
mat_terrain,VegetationGrassMaterial
mat_pavement,AsphaltStandardMaterial
mat_grass,VegetationGrassMaterial
thin__vegetation,VegetationGrassMaterial
thin__leaf,VegetationGrassMaterial
thin__grass,VegetationGrassMaterial
thin__weed,VegetationGrassMaterial
thin__poplar,VegetationGrassMaterial
thin__hydrangea,VegetationGrassMaterial
thin__pine,VegetationGrassMaterial
trans__glass,GlassStandardMaterial
trans__plant,VegetationGrassMaterial
trans__organic__eye_,WaterStandardMaterial
trans__organic__eyelash,FabricStandardMaterial
trans__organic__skin,FiberGlassMaterial
trans__organic__hair,FabricStandardMaterial
trans__organic__nails,PlasticStandardMaterial
trans__organic__cornea,WaterStandardMaterial
trans_plastic,PlasticStandardMaterial
mask__metal,MetalAluminumMaterial
metal_steel_galvanized,MetalAlloyMaterial
metal__steel_galvanized,MetalAlloyMaterial
retroreflective_base,RetroSignMaterial
oak_leaf,VegetationGrassMaterial
Metal,MetalAlloyMaterial
metal,MetalAlloyMaterial
Default_Bridge,ConcreteRoughMaterial
default_bridge,ConcreteRoughMaterial
traffic_light,MetalAluminumOxidizedMaterial
plastic,PlasticStandardMaterial
glass,GlassStandardMaterial
intglass,GlassStandardMaterial
leather,FabricStandardMaterial
intleather,FabricStandardMaterial
retro__reflective,RetroMarkingsMaterial
concrete,ConcreteRoughMaterial
int_plastic,PlasticStandardMaterial
intplastic,PlasticStandardMaterial
runninglights,RetroSignMaterial
led_red,PlasticStandardMaterial
gloss_but,FiberGlassMaterial
chrome,MetalSilverMaterial
tire,RubberStandardMaterial
intseatsperforation,FiberGlassMaterial
wheelaluminum,MetalAluminumMaterial
wheellogo,MetalAluminumOxidizedMaterial
omnipaintblack,RubberStandardMaterial
wheel_black,RubberStandardMaterial
wheel_aluminum,MetalAluminumMaterial
omniglass,GlassStandardMaterial
plast_red,PlasticStandardMaterial
omniglassblue,GlassStandardMaterial
intredplastic,PlasticStandardMaterial
intdevices,FiberGlassMaterial
wheelpaintblack,MetalAluminumOxidizedMaterial
wheelcaliper,MetalAluminumOxidizedMaterial
wheelchromelogo,MetalAlloyMaterial
inttexdevices,PlasticStandardMaterial
wheel_metall,MetalAluminumMaterial
wheelbrakecaliper,MetalAluminumOxidizedMaterial
omniglassred,GlassStandardMaterial
wheelchrome,MetalSilverMaterial
wheelplasticblack,PlasticStandardMaterial
wheelamgtextlogo,PlasticStandardMaterial
textlogolight,FiberGlassMaterial
aluminium,MetalAluminumMaterial
intfabric,FabricStandardMaterial
intcarpet,SoilClayMaterial
back_lights_dark_metal,MetalAluminumOxidizedMaterial
carpet_int,SoilClayMaterial
clear,GlassStandardMaterial
wheeltirebump,RubberStandardMaterial
intbuttons,FiberGlassMaterial
intspeakergrid,FiberGlassMaterial
belt,SoilClayMaterial
led_white,PlasticStandardMaterial
carpet_stripe,SoilClayMaterial
stitch_steer,FiberGlassMaterial
numberplate,MetalAluminumMaterial
logotex,PlasticStandardMaterial
omnipaint,PlasticStandardMaterial
interior_dark_metal,MetalAluminumOxidizedMaterial
wheel_tire,RubberStandardMaterial
omnipaintgrey,FiberGlassMaterial
omniglasstinted,GlassStandardMaterial
metalmirror,MetalSilverMaterial
plates,RetroSignMaterial
speaker,SoilClayMaterial
black,RubberStandardMaterial
mirrors,MetalSilverMaterial
alcantara,FiberGlassMaterial
inttexbuttons,PlasticStandardMaterial
aluminum,MetalAluminumMaterial
omniglassorange,GlassStandardMaterial
wheelbrakedisk,MetalAluminumOxidizedMaterial
wire_seats,FiberGlassMaterial
interior_stwheel_logo,FiberGlassMaterial
platebump,RetroSignMaterial
wheel_chrome,MetalSilverMaterial
brake_disk,MetalAluminumOxidizedMaterial
stitch_light,FiberGlassMaterial
interior_polisihed_metal,MetalAlloyMaterial
back_reflectors_metal,RetroSignMaterial
backlights_plastic,FiberGlassMaterial
wire,MetalAluminumOxidizedMaterial
radiator,MetalAluminumOxidizedMaterial
metaldark,MetalAluminumOxidizedMaterial
intbuttonsalum,PlasticStandardMaterial
wheeltextlogo,PlasticStandardMaterial
wheelaluminumrim,MetalAluminumMaterial
woodglossy,MetalAluminumMaterial
brakedisk,MetalAluminumOxidizedMaterial
brakebody,MetalAluminumOxidizedMaterial
wheelmetaldark,MetalAluminumOxidizedMaterial
redplain,FiberGlassMaterial
omniglasswhite,GlassStandardMaterial
metalorangeturnlight,MetalAluminumOxidizedMaterial
tex_chevy_logo,FiberGlassMaterial
tex_defl,FiberGlassMaterial
tex_gauges,FiberGlassMaterial
tex_defl_central,FiberGlassMaterial
tex_console,FiberGlassMaterial
tex_grille,FiberGlassMaterial
trim_wipers,RubberStandardMaterial
metal_orange,MetalAluminumMaterial
reflectororange,RetroMarkingsMaterial
chevylogo,FiberGlassMaterial
tex_taillight,GlassStandardMaterial
oak_bark_01,SoilClayMaterial
wheelrim,MetalAluminumMaterial
brakelights,GlassStandardMaterial
blinkerlights,GlassStandardMaterial
rubber,RubberStandardMaterial
taillights,GlassStandardMaterial
reverselights,GlassStandardMaterial
headlights,GlassStandardMaterial
carpaint,FiberGlassMaterial
textured,FiberGlassMaterial
interiorlight,PlasticStandardMaterial
interiordark,RubberStandardMaterial
muffler,MetalAluminumOxidizedMaterial
interiorrough,SoilClayMaterial
interiormedium,SoilClayMaterial
baddefault_ground,VegetationGrassMaterial
sharedtexture02,ConcreteRoughMaterial
drivesim_scatter_mat,ConcreteRoughMaterial
std_tongue1,SoilClayMaterial
ga_skin_arm,SoilClayMaterial
ga_eyelash,SoilClayMaterial
ga_skin_head,SoilClayMaterial
f_leather_c_outfit_h,SoilClayMaterial
ga_skin_body,SoilClayMaterial
ga_nails,SoilClayMaterial
std_upper_teeth,SoilClayMaterial
std_lower_teeth,SoilClayMaterial
hair,FabricStandardMaterial
std_cornea,PlasticStandardMaterial
std_eye,PlasticStandardMaterial
m_casual_16_h,SoilClayMaterial
mid_length,SoilClayMaterial
f_casual_outfit_h,SoilClayMaterial
m_terrain,VegetationGrassMaterial
m_road_cracked_a_wet,AsphaltWeatheredMaterial
drivesim_prop_mat,ConcreteRoughMaterial
opaque__vinyl__trafficcontrol_a,PlasticStandardMaterial
mi_ac_unit,MetalAlloyMaterial
watch,MetalAlloyMaterial
opaque__gravel__roof_110,ConcreteRoughMaterial
m_casual_05_l,SoilClayMaterial
island_curb_concrete,ConcreteRoughMaterial
surgical_face_mask,SoilClayMaterial
emergencylights,GlassStandardMaterial
customlights,GlassStandardMaterial
shirt,SoilClayMaterial
reflectorred,RetroSignMaterial
badge,PlasticStandardMaterial
hat,RubberStandardMaterial
reserved2,AsphaltWeatheredMaterial
vest,SoilClayMaterial
nametag,PlasticStandardMaterial
handcuffs,MetalAlloyMaterial
pants,SoilClayMaterial
gloves,RubberStandardMaterial
shoes,SoilClayMaterial
badge_shoulder,PlasticStandardMaterial
ga_tongue,FiberGlassMaterial
hatshort_scalp,RubberStandardMaterial
m_casual_07_l,SoilClayMaterial
hatshort,RubberStandardMaterial
scalp,RubberStandardMaterial
ga_skin_leg,SoilClayMaterial
m_casual_03_shoes_h,FabricStandardMaterial
m_casual_08_l,FiberGlassMaterial
f_cf_l,SoilClayMaterial
m_casual_08_shoes_l,FabricStandardMaterial
f_cf_shoes_l,PlasticStandardMaterial
f_ro_h,PlasticStandardMaterial
f_glitter_outfit_l,RetroMarkingsMaterial
baseball_cap,RubberStandardMaterial
strands,FiberGlassMaterial
clip,PlasticStandardMaterial
fine,SoilClayMaterial
front,SoilClayMaterial
finehair,FabricStandardMaterial
base,RubberStandardMaterial
opaque__bush,VegetationGrassMaterial
redash_bark,SoilClayMaterial
ashtree_leaves,VegetationGrassMaterial
default_material,AsphaltStandardMaterial
trans__metal,MetalAluminumOxidizedMaterial
emissive__glass,GlassStandardMaterial
opaque_aluminum_parking_roof,MetalAluminumMaterial
lambert1,RubberStandardMaterial
clearcoat__metal,MetalAlloyMaterial
opaque_ideal_triangular_corner_reflector_stand_n,MetalAluminumMaterial
trashbag_plastic,PlasticStandardMaterial
plexi_glass,PlexiGlassStandardMaterial